IP,Date,Time,Accepted-cookies,Device type,Browser anguage,Browser name,OS Name,Country,Region,RegionName,City,Zipcode,Lat,Lon
49.36.83.154,2023-06-10,11:24:47 UTC,necessary,desktop,en,Chrome,Linux,India,GJ,Gujarat,Surat,395007,21.1888,72.8293
172.68.35.183,2024-12-26,01:07:33 UTC,necessary,desktop,en,Chrome,Windows,United States,CO,Colorado,Denver,,39.7392,-104.9902
172.68.1.175,2024-12-26,01:16:13 UTC,necessary,desktop,en,Chrome,Windows,United States,CO,Colorado,Denver,,39.7392,-104.9902
172.68.242.75,2024-12-26,23:58:38 UTC,necessary,desktop,en,Chrome,Windows,Singapore,03,North West,Singapore,858877,1.352,103.8198
172.68.234.134,2024-12-27,01:18:39 UTC,necessary,desktop,en,Edge,Windows,France,PAC,Provence-Alpes-Côte d'Azur,Marseille,,43.2964,5.3697
172.70.108.23,2024-12-27,01:31:29 UTC,necessary,desktop,en,Edge,Windows,France,PAC,Provence-Alpes-Côte d'Azur,Marseille,,43.2964,5.3697
162.158.108.114,2024-12-27,01:56:47 UTC,necessary,desktop,en,Chrome,Windows,Singapore,03,North West,Singapore,858877,1.352,103.8198
172.70.108.82,2024-12-27,02:08:23 UTC,necessary,desktop,en,Edge,Linux,France,PAC,Provence-Alpes-Côte d'Azur,Marseille,,43.2964,5.3697
172.71.186.122,2024-12-27,02:09:09 UTC,necessary,desktop,en,Edge,Linux,France,PAC,Provence-Alpes-Côte d'Azur,Marseille,,43.2964,5.3697
172.71.186.111,2024-12-27,02:36:53 UTC,necessary,desktop,en,Edge,Linux,France,PAC,Provence-Alpes-Côte d'Azur,Marseille,,43.2964,5.3697
162.158.88.133,2024-12-27,02:41:47 UTC,necessary,desktop,en,Chrome,Windows,Singapore,03,North West,Singapore,858877,1.352,103.8198
172.70.92.147,2024-12-27,03:41:54 UTC,necessary,desktop,en,Chrome,Windows,Singapore,03,North West,Singapore,858877,1.352,103.8198
172.68.2.101,2024-12-27,07:20:20 UTC,necessary,desktop,en,Chrome,Windows,United States,CO,Colorado,Denver,,39.7392,-104.9902
172.68.3.7,2024-12-27,07:24:14 UTC,necessary,desktop,en,Chrome,Windows,United States,CO,Colorado,Denver,,39.7392,-104.9902
162.158.162.56,2024-12-27,13:20:48 UTC,necessary,desktop,en,Edge,Windows,Singapore,03,North West,Singapore,858877,1.352,103.8198
162.158.108.98,2024-12-27,14:26:57 UTC,necessary,desktop,en,Edge,Windows,Singapore,03,North West,Singapore,858877,1.352,103.8198
172.71.170.181,2024-12-27,18:44:52 UTC,necessary,desktop,en,Chrome,Windows,United States,TX,Texas,Dallas,,32.7766,-96.7969
172.69.65.180,2024-12-27,22:27:26 UTC,necessary,desktop,en,Chrome,Windows,United States,TX,Texas,Dallas,,32.7766,-96.7969
162.158.158.154,2024-12-27,22:43:28 UTC,necessary,desktop,en,Chrome,Windows,United States,NJ,New Jersey,Newark,,40.7356,-74.1723
156.146.39.56,2024-12-27,23:17:48 UTC,necessary,desktop,en,Chrome,Windows,United States,TX,Texas,Dallas,75270,32.7724,-96.8172
162.158.28.141,2024-12-28,00:16:39 UTC,necessary,desktop,en,Chrome,Windows,Oman,MA,Muscat,Muscat,,23.588,58.3828
172.70.110.167,2024-12-28,01:35:36 UTC,necessary,desktop,en,Opera,Linux,United States,NJ,New Jersey,Newark,,40.7356,-74.1723
172.70.115.131,2024-12-28,01:38:26 UTC,necessary,desktop,en,Opera,Linux,United States,NJ,New Jersey,Newark,,40.7356,-74.1723
172.70.115.136,2024-12-28,01:43:23 UTC,necessary,desktop,en,Chrome,Linux,United States,NJ,New Jersey,Newark,,40.7356,-74.1723
172.68.26.84,2024-12-28,02:59:24 UTC,necessary,desktop,en,Edge,OS X,United States,TX,Texas,Dallas,,32.7766,-96.7969
172.71.170.24,2024-12-30,03:28:22 UTC,necessary,mobile,en,Chrome,Android,United States,TX,Texas,Dallas,,32.7766,-96.7969
172.70.115.165,2024-12-30,19:06:40 UTC,necessary,desktop,en,Chrome,Windows,United States,NJ,New Jersey,Newark,,40.7356,-74.1723
108.162.227.37,2024-12-31,20:19:21 UTC,necessary,desktop,en,Edge,Windows,Singapore,03,North West,Singapore,858877,1.352,103.8198
162.158.190.33,2024-12-31,21:52:27 UTC,necessary,desktop,en,Chrome,Windows,Singapore,03,North West,Singapore,858877,1.352,103.8198
172.70.115.155,2024-12-31,22:48:01 UTC,necessary,desktop,en,Chrome,Windows,United States,NJ,New Jersey,Newark,,40.7356,-74.1723
162.158.155.71,2024-12-31,22:49:43 UTC,necessary,desktop,en,Chrome,Windows,United States,NJ,New Jersey,Newark,,40.7356,-74.1723
162.158.163.145,2024-12-31,23:29:29 UTC,necessary,desktop,en,Edge,Windows,Singapore,03,North West,Singapore,858877,1.352,103.8198
172.70.147.5,2024-12-31,23:37:15 UTC,necessary,desktop,en,Edge,Windows,Singapore,03,North West,Singapore,858877,1.352,103.8198
162.158.170.182,2024-12-31,23:46:11 UTC,necessary,desktop,en,Edge,Windows,Singapore,03,North West,Singapore,858877,1.352,103.8198
162.158.88.75,2025-01-01,00:13:25 UTC,necessary,desktop,en,Edge,Windows,Singapore,03,North West,Singapore,858877,1.352,103.8198
172.70.111.42,2025-01-03,01:33:11 UTC,necessary,desktop,en,Chrome,Windows,United States,NJ,New Jersey,Newark,,40.7356,-74.1723
172.71.124.243,2025-01-04,04:05:35 UTC,necessary,desktop,en,Chrome,Windows,Singapore,03,North West,Singapore,858877,1.352,103.8198
162.158.168.131,2025-01-06,16:01:25 UTC,necessary,desktop,en,Chrome,Windows,Australia,NSW,New South Wales,Sydney,,-33.8688,151.2092
172.68.210.5,2025-01-06,16:19:37 UTC,necessary,desktop,en,Chrome,Windows,Australia,NSW,New South Wales,Sydney,,-33.8688,151.2092
172.69.64.162,2025-01-06,21:30:45 UTC,necessary,desktop,en,Chrome,Windows,United States,TX,Texas,Dallas,,32.7766,-96.7969
172.68.71.25,2025-01-07,19:39:39 UTC,necessary,desktop,en,Chrome,Linux,United States,GA,Georgia,Atlanta,,33.7489,-84.3879
162.158.174.244,2025-01-07,21:09:52 UTC,necessary,desktop,en,Chrome,Windows,United States,TX,Texas,Dallas,,32.7766,-96.7969
162.158.175.180,2025-01-07,22:18:10 UTC,necessary,desktop,en,Chrome,Windows,United States,TX,Texas,Dallas,,32.7766,-96.7969
172.68.70.49,2025-01-07,23:38:19 UTC,necessary,desktop,en,Chrome,Linux,United States,GA,Georgia,Atlanta,,33.7489,-84.3879
172.71.124.119,2025-01-08,00:42:26 UTC,necessary,desktop,en,Chrome,Linux,Singapore,03,North West,Singapore,858877,1.352,103.8198
162.158.154.241,2025-01-08,00:49:40 UTC,necessary,desktop,en,Chrome,Windows,United States,NJ,New Jersey,Newark,,40.7356,-74.1723
172.70.230.159,2025-01-08,01:03:16 UTC,necessary,desktop,en,Chrome,Windows,United States,NJ,New Jersey,Newark,,40.7356,-74.1723
162.158.170.31,2025-01-08,01:47:36 UTC,necessary,desktop,en,Chrome,Windows,Singapore,03,North West,Singapore,858877,1.352,103.8198
172.71.174.184,2025-01-08,02:47:28 UTC,necessary,desktop,en,Chrome,Windows,United States,TX,Texas,Dallas,,32.7766,-96.7969
172.70.127.235,2025-01-08,21:17:46 UTC,necessary,desktop,en,Chrome,Windows,United States,IL,Illinois,Chicago,,41.8781,-87.6297
108.162.237.159,2025-01-10,02:22:49 UTC,necessary,desktop,en,Chrome,Linux,United States,GA,Georgia,Atlanta,,33.7489,-84.3879
162.158.106.231,2025-01-10,02:25:55 UTC,necessary,desktop,en,Opera,Windows,Singapore,03,North West,Singapore,858877,1.352,103.8198
162.158.108.124,2025-01-13,09:46:18 UTC,necessary,mobile,en,Chrome,Android,Singapore,03,North West,Singapore,858877,1.352,103.8198
172.68.242.33,2025-01-13,12:44:03 UTC,necessary,desktop,en,Chrome,Windows,Singapore,03,North West,Singapore,858877,1.352,103.8198
162.158.28.219,2025-01-13,14:08:17 UTC,necessary,desktop,en,Chrome,Windows,Oman,MA,Muscat,Muscat,,23.588,58.3828
